<?xml version="1.0" encoding="UTF-8"?>
<root>
  <item name="bot.box.appusage.contract.PackageContracts.View void getUsageForPackage(bot.box.appusage.model.AppData, int) 1">
    <annotation name="androidx.annotation.IntDef">
      <val name="value" val="{bot.box.appusage.utils.DurationRange.TODAY, bot.box.appusage.utils.DurationRange.YESTERDAY, bot.box.appusage.utils.DurationRange.WEEK, bot.box.appusage.utils.DurationRange.MONTH}" />
    </annotation>
  </item>
  <item name="bot.box.appusage.contract.UsageContracts.View void getUsageData(java.util.List&lt;bot.box.appusage.model.AppData&gt;, long, int) 2">
    <annotation name="androidx.annotation.IntDef">
      <val name="value" val="{bot.box.appusage.utils.DurationRange.TODAY, bot.box.appusage.utils.DurationRange.YESTERDAY, bot.box.appusage.utils.DurationRange.WEEK, bot.box.appusage.utils.DurationRange.MONTH}" />
    </annotation>
  </item>
</root>

