<?xml version="1.0" encoding="UTF-8"?>
<root>
  <item name="bot.box.appusage.utils.Duration java.lang.String getCurrentReadableDay(int) 0">
    <annotation name="androidx.annotation.IntDef">
      <val name="value" val="{bot.box.appusage.utils.Duration.TODAY, bot.box.appusage.utils.Duration.YESTERDAY, bot.box.appusage.utils.Duration.WEEK, bot.box.appusage.utils.Duration.MONTH}" />
    </annotation>
  </item>
  <item name="bot.box.appusage.utils.Duration.DURATION">
    <annotation name="androidx.annotation.IntDef">
      <val name="value" val="{bot.box.appusage.utils.Duration.TODAY, bot.box.appusage.utils.Duration.YESTERDAY, bot.box.appusage.utils.Duration.WEEK, bot.box.appusage.utils.Duration.MONTH}" />
    </annotation>
  </item>
  <item name="bot.box.appusage.utils.DurationRange java.lang.String getCurrentReadableDay(int) 0">
    <annotation name="androidx.annotation.IntDef">
      <val name="value" val="{bot.box.appusage.utils.DurationRange.TODAY, bot.box.appusage.utils.DurationRange.YESTERDAY, bot.box.appusage.utils.DurationRange.WEEK, bot.box.appusage.utils.DurationRange.MONTH}" />
    </annotation>
  </item>
  <item name="bot.box.appusage.utils.DurationRange.DURATIONRANGE">
    <annotation name="androidx.annotation.IntDef">
      <val name="value" val="{bot.box.appusage.utils.DurationRange.TODAY, bot.box.appusage.utils.DurationRange.YESTERDAY, bot.box.appusage.utils.DurationRange.WEEK, bot.box.appusage.utils.DurationRange.MONTH}" />
    </annotation>
  </item>
</root>

