<?xml version="1.0" encoding="UTF-8"?>
<root>
  <item name="bot.box.appusage.handler.PackageGenerator void fetchFor(int) 0">
    <annotation name="androidx.annotation.IntDef">
      <val name="value" val="{bot.box.appusage.utils.DurationRange.TODAY, bot.box.appusage.utils.DurationRange.YESTERDAY, bot.box.appusage.utils.DurationRange.WEEK, bot.box.appusage.utils.DurationRange.MONTH}" />
    </annotation>
  </item>
  <item name="bot.box.appusage.handler.PackageGenerator void fetchFor(int, java.lang.String) 0">
    <annotation name="androidx.annotation.IntDef">
      <val name="value" val="{bot.box.appusage.utils.DurationRange.TODAY, bot.box.appusage.utils.DurationRange.YESTERDAY, bot.box.appusage.utils.DurationRange.WEEK, bot.box.appusage.utils.DurationRange.MONTH}" />
    </annotation>
  </item>
  <item name="bot.box.appusage.handler.TimelineGenerator void fetchFor(int, java.lang.String) 0">
    <annotation name="androidx.annotation.IntDef">
      <val name="value" val="{bot.box.appusage.utils.DurationRange.TODAY, bot.box.appusage.utils.DurationRange.YESTERDAY, bot.box.appusage.utils.DurationRange.WEEK, bot.box.appusage.utils.DurationRange.MONTH}" />
    </annotation>
  </item>
  <item name="bot.box.appusage.handler.UsageGenerator void fetchFor(int) 0">
    <annotation name="androidx.annotation.IntDef">
      <val name="value" val="{bot.box.appusage.utils.DurationRange.TODAY, bot.box.appusage.utils.DurationRange.YESTERDAY, bot.box.appusage.utils.DurationRange.WEEK, bot.box.appusage.utils.DurationRange.MONTH}" />
    </annotation>
  </item>
</root>

